vector_size,average_time
14580,1.095062
29159,4.342860
58318,18.319559
116636,75.717182