vector_size,average_time
14580,0.419164
29159,1.718426
58318,7.007711
116636,28.699297
