vector_size,average_time
14580,0.003605
29159,0.003678
58318,0.006856
116636,0.013191
